user_id,username,group_name,group_id,member_label,status,full error message
5382933077,,iMobile Phone Store,3060514178,M√§ k«ê,Error,Invite failed: The provided user is not a mutual contact (caused by InviteToChannelRequest)
6841447088,,iMobile Phone Store,3060514178,Mean (855967678599),Error,Invite failed: The provided user is not a mutual contact (caused by InviteToChannelRequest)
1152886499,,iMobile Phone Store,3060514178,LengTrY,Error,Invite failed: The provided user is not a mutual contact (caused by InviteToChannelRequest)
8192218353,,iMobile Phone Store,3060514178,SOK,Error,Invite failed: The provided user is not a mutual contact (caused by InviteToChannelRequest)
8028959694,,iMobile Phone Store,3060514178,Da,Error,Invite failed: The provided user is not a mutual contact (caused by InviteToChannelRequest)
5846502820,,iMobile Phone Store,3060514178,Khoeun,Error,Invite failed: The provided user is not a mutual contact (caused by InviteToChannelRequest)
7167855755,,iMobile Phone Store,3060514178,Horng,Error,Invite failed: The provided user is not a mutual contact (caused by InviteToChannelRequest)
7136253012,,iMobile Phone Store,3060514178,CHEN,Error,Invite failed: The provided user is not a mutual contact (caused by InviteToChannelRequest)
6297821694,,iMobile Phone Store,3060514178,Mony,Error,Invite failed: The provided user is not a mutual contact (caused by InviteToChannelRequest)
7400031767,,iMobile Phone Store,3060514178,·ûî·ûâ·üí·ûâ·û∂,Error,Invite failed: The provided user is not a mutual contact (caused by InviteToChannelRequest)
5772873027,theng2007,iMobile Phone Store,3060514178,·ûî·üä·ûª·ûì (@theng2007),Error,Invite failed: The provided user is not a mutual contact (caused by InviteToChannelRequest)
1734705787,,iMobile Phone Store,3060514178,Puk,Error,Invite failed: The provided user is not a mutual contact (caused by InviteToChannelRequest)
7075235802,,iMobile Phone Store,3060514178,Khim,Error,Invite failed: The provided user is not a mutual contact (caused by InviteToChannelRequest)
7535538333,,iMobile Phone Store,3060514178,Sorli,Error,Invite failed: The provided user is not a mutual contact (caused by InviteToChannelRequest)
1267429403,tip23455,iMobile Phone Store,3060514178,Ah Skyyyüé∂ (@tip23455),Error,Invite failed: The provided user is not a mutual contact (caused by InviteToChannelRequest)
1585448890,chanpanha3,iMobile Phone Store,3060514178,Chan (@chanpanha3),Error,Invite failed: The provided user is not a mutual contact (caused by InviteToChannelRequest)
7357310095,hashaTDN,iMobile Phone Store,3060514178,·û†·üÅ·ûÑ ·ûÜ·üÅ·ûÑ·ûõ·û∂·ûó (@hashaTDN),Error,Invite failed: The provided user is not a mutual contact (caused by InviteToChannelRequest)
1839155643,Rith_Calvin,iMobile Phone Store,3060514178,Thunrith (@Rith_Calvin),Error,Invite failed: The provided user is not a mutual contact (caused by InviteToChannelRequest)
8007217028,,iMobile Phone Store,3060514178,No,Error,Invite failed: The provided user is not a mutual contact (caused by InviteToChannelRequest)
6884151742,,iMobile Phone Store,3060514178,Meng Hong (85581468119),Error,Invite failed: The provided user is not a mutual contact (caused by InviteToChannelRequest)
5682724885,Barklundy,iMobile Phone Store,3060514178,Pu (@Barklundy),Error,Invite failed: The provided user is not a mutual contact (caused by InviteToChannelRequest)
540949124,,iMobile Phone Store,3060514178,YOM,Error,Invite failed: The provided user is not a mutual contact (caused by InviteToChannelRequest)
6729059386,,iMobile Phone Store,3060514178,ren,Error,Invite failed: The provided user is not a mutual contact (caused by InviteToChannelRequest)
1994841436,,iMobile Phone Store,3060514178,Porn,Error,Invite failed: The provided user is not a mutual contact (caused by InviteToChannelRequest)
8151286250,,iMobile Phone Store,3060514178,Jrhehd,Error,Invite failed: The provided user is not a mutual contact (caused by InviteToChannelRequest)
7175146309,,iMobile Phone Store,3060514178,DETH,Error,Invite failed: The provided user is not a mutual contact (caused by InviteToChannelRequest)
6360055089,,iMobile Phone Store,3060514178,Tola,Error,Invite failed: The provided user is not a mutual contact (caused by InviteToChannelRequest)
7327439696,,iMobile Phone Store,3060514178,AH,Error,Invite failed: The provided user is not a mutual contact (caused by InviteToChannelRequest)
5628750756,,iMobile Phone Store,3060514178,Srey,Error,Invite failed: The provided user is not a mutual contact (caused by InviteToChannelRequest)
5551101926,saolis_289,iMobile Phone Store,3060514178,DlN SOALIS‚ù§Ô∏è (@saolis_289),Error,Invite failed: The provided user is not a mutual contact (caused by InviteToChannelRequest)
6228840718,,iMobile Phone Store,3060514178,V√Æ,Error,Invite failed: The provided user is not a mutual contact (caused by InviteToChannelRequest)
7656565892,,iMobile Phone Store,3060514178,Rey,Error,Invite failed: The provided user is not a mutual contact (caused by InviteToChannelRequest)
7554649843,,iMobile Phone Store,3060514178,È¶¨Â∞ºÁâπ,Error,Invite failed: The provided user is not a mutual contact (caused by InviteToChannelRequest)
6426969534,,iMobile Phone Store,3060514178,8083,Error,Invite failed: The provided user is not a mutual contact (caused by InviteToChannelRequest)
1699738869,,iMobile Phone Store,3060514178,Thai,Error,Invite failed: The provided user is not a mutual contact (caused by InviteToChannelRequest)
7038071923,Hongchannaty,iMobile Phone Store,3060514178,·û†·ûª·ûÑ ·ûÖ·û∂·ûì·üã·ûé·û∂·ûë·û∏ (@Hongchannaty),Error,Invite failed: The provided user is not a mutual contact (caused by InviteToChannelRequest)
1983820903,,iMobile Phone Store,3060514178,Ung,Error,Invite failed: The provided user is not a mutual contact (caused by InviteToChannelRequest)
5667185566,,iMobile Phone Store,3060514178,P-hy,Error,Invite failed: The provided user is not a mutual contact (caused by InviteToChannelRequest)
987441365,seanghai_77,iMobile Phone Store,3060514178,Heng (@seanghai_77),Error,Invite failed: The provided user is not a mutual contact (caused by InviteToChannelRequest)
6404339487,Rotha02082008,iMobile Phone Store,3060514178,Reat (@Rotha02082008),Error,Invite failed: The provided user is not a mutual contact (caused by InviteToChannelRequest)
6486264281,,iMobile Phone Store,3060514178,seang,Error,Invite failed: The provided user is not a mutual contact (caused by InviteToChannelRequest)
7484451034,kmrpapa,iMobile Phone Store,3060514178,üê∏NA (@kmrpapa),Error,Invite failed: The provided user is not a mutual contact (caused by InviteToChannelRequest)
8080145569,,iMobile Phone Store,3060514178,Tho na,Error,Invite failed: The provided user is not a mutual contact (caused by InviteToChannelRequest)
6383702133,,iMobile Phone Store,3060514178,LY,Error,Invite failed: The provided user is not a mutual contact (caused by InviteToChannelRequest)
8396510015,,iMobile Phone Store,3060514178,SO,Error,Invite failed: The provided user is not a mutual contact (caused by InviteToChannelRequest)
7854984411,,iMobile Phone Store,3060514178,Lay,Error,Invite failed: The provided user is not a mutual contact (caused by InviteToChannelRequest)
2126072060,,iMobile Phone Store,3060514178,ùöîùöíùöñ êôö‚ô°,Error,Invite failed: The provided user is not a mutual contact (caused by InviteToChannelRequest)
7905441738,,iMobile Phone Store,3060514178,Kruy,Error,Invite failed: The provided user is not a mutual contact (caused by InviteToChannelRequest)
7293028520,Vaaamoa,iMobile Phone Store,3060514178,ùó©ùóÆùóÆüéÄ (@Vaaamoa),Error,Invite failed: The provided user is not a mutual contact (caused by InviteToChannelRequest)
1488202229,rrsdyy,iMobile Phone Store,3060514178,Rach (@rrsdyy),Error,Invite failed: The provided user is not a mutual contact (caused by InviteToChannelRequest)
7567330616,,iMobile Phone Store,3060514178,Maari,Error,Invite failed: The provided user is not a mutual contact (caused by InviteToChannelRequest)
8024746040,,iMobile Phone Store,3060514178,·ûü·üí·ûö·û∏·û¢·üä·ûª·û∏·ûÑ,Error,Invite failed: The provided user is not a mutual contact (caused by InviteToChannelRequest)
7235206307,,iMobile Phone Store,3060514178,Khf,Restricted,Invite failed: The provided user is not a mutual contact (caused by InviteToChannelRequest)8223796259,,iMobile Phone,3042105460,Terell,Added to group,"verified=True path=from_record,refreshed_access_hash"
8352509969,,iMobile Phone,3042105460,Bonnee,Added to group,"verified=True path=from_record,refreshed_access_hash"
8370829202,pr1qs151ou0r,iMobile Phone,3042105460,Frenkeske (@pr1qs151ou0r),Added to group,"verified=True path=from_record,refreshed_access_hash"
8142900544,,iMobile Phone,3042105460,even,Added to group,"verified=True path=from_record,refreshed_access_hash"
8083333817,,iMobile Phone,3042105460,·ûá·ûª·üÜ·ûü·ûª·ûÅ·ûõ·û∏,Added to group,"verified=True path=from_record,refreshed_access_hash"
5088233064,,iMobile Phone,3042105460,·ûü·ûª·ûí·û∂·ûú·û∑·ûì,Added to group,"verified=True path=from_record,refreshed_access_hash"
5729754030,,iMobile Phone,3042105460,Rithi,Added to group,"verified=True path=from_record,refreshed_access_hash"
7765198668,,iMobile Phone,3042105460,Sok Nov,Added to group,"verified=True path=from_record,refreshed_access_hash"
7909242843,,iMobile Phone,3042105460,ey. ey,Added to group,"verified=True path=from_record,refreshed_access_hash"
6076810591,,iMobile Phone,3042105460,Meng,Added to group,"verified=True path=from_record,refreshed_access_hash"
6946411630,Ninito191110,iMobile Phone,3042105460,≈ò√ò≈§H√Ä√Å·≠Ñ (@Ninito191110),Added to group,"verified=True path=from_record,refreshed_access_hash"
6678772701,,iMobile Phone,3042105460,SNA,Added to group,"verified=True path=from_record,refreshed_access_hash"
8291061651,,iMobile Phone,3042105460,elesee,Added to group,"verified=True path=from_record,refreshed_access_hash"
8255302013,,iMobile Phone,3042105460,Meresse,Added to group,"verified=True path=from_record,refreshed_access_hash"
6700997524,,iMobile Phone,3042105460,H,Added to group,"verified=True path=from_record,refreshed_access_hash"
8304147412,,iMobile Phone,3042105460,Beetreke,Added to group,"verified=True path=from_record,refreshed_access_hash"
7112213915,,iMobile Phone,3042105460,Kelle,Added to group,"verified=True path=from_record,refreshed_access_hash"
8017953043,,iMobile Phone,3042105460,Meree,Added to group,"verified=True path=from_record,refreshed_access_hash"
1492934872,,iMobile Phone,3042105460,Ann,Added to group,"verified=True path=from_record,refreshed_access_hash"
6861123033,HONG_SELA,iMobile Phone,3042105460,BNG JO (@HONG_SELA),Added to group,"verified=True path=from_record,refreshed_access_hash"
7420393621,,iMobile Phone,3042105460,·ûÄ·üÇ·ûú,Added to group,"verified=True path=from_record,refreshed_access_hash"
8098966302,vornip2025,iMobile Phone,3042105460,Vorn (@vornip2025),Added to group,"verified=True path=from_record,refreshed_access_hash"
7203193415,,iMobile Phone,3042105460,Admin Sna,Added to group,"verified=True path=from_record,refreshed_access_hash"
7924282287,,iMobile Phone,3042105460,Meng,Added to group,"verified=True path=from_record,refreshed_access_hash"
7096864467,,iMobile Phone,3042105460,‡æÄ‡Ω≤‡æÄ Eva,Added to group,"verified=True path=from_record,refreshed_access_hash"
7502985218,,iMobile Phone,3042105460,·ûâ·ûø·ûò,Added to group,"verified=True path=from_record,refreshed_access_hash"
7964776894,,iMobile Phone,3042105460,Jekoby,Added to group,"verified=True path=from_record,refreshed_access_hash"
8288825471,,iMobile Phone,3042105460,Meggee,Added to group,"verified=True path=from_record,refreshed_access_hash"
8318130033,,iMobile Phone,3042105460,Letekee,Added to group,"verified=True path=from_record,refreshed_access_hash"
7739019897,,iMobile Phone,3042105460,Vat,Added to group,"verified=True path=from_record,refreshed_access_hash"
8125950507,,iMobile Phone,3042105460,FGH,Added to group,"verified=True path=from_record,refreshed_access_hash"
8230242723,,iMobile Phone,3042105460,Lene,Added to group,"verified=True path=from_record,refreshed_access_hash"
8459102749,,iMobile Phone,3042105460,kessee,Added to group,"verified=True path=from_record,refreshed_access_hash"
8204572730,,iMobile Phone,3042105460,Fletkher,Added to group,"verified=True path=from_record,refreshed_access_hash"
1720872657,,iMobile Phone,3042105460,Ravy,Added to group,"verified=True path=from_record,refreshed_access_hash"
5974255808,,iMobile Phone,3042105460,828689,Added to group,"verified=True path=from_record,refreshed_access_hash"
5382933077,,iMobile Phone,3042105460,M√§ k«ê,Added to group,"verified=True path=from_record,refreshed_access_hash"
7939081343,,iMobile Phone,3042105460,·ûÇ·ûΩ·ûì,Added to group,"verified=True path=from_record,refreshed_access_hash"
8022680462,,iMobile Phone,3042105460,Ti,Added to group,"verified=True path=from_record,refreshed_access_hash"
7057892079,,iMobile Phone,3042105460,Vi mari,Added to group,"verified=True path=from_record,refreshed_access_hash"
6841447088,,iMobile Phone,3042105460,Mean (855967678599),Added to group,"verified=True path=from_record,refreshed_access_hash"
94944819,Hornsok,iMobile Phone,3042105460,Horn Sok ·ûö·ûè·ûì·û∂·ûÇ·û∂·ûö·ûÅ·üÅ·ûè·üí·ûè ·ûè·üí·ûî·ûº·ûÑ·ûÉ·üí·ûò·ûª·üÜ (@Hornsok),Added to group,"verified=True path=from_record,refreshed_access_hash"
5428005500,BUNDIN2345,iMobile Phone,3042105460,Phin bun din (@BUNDIN2345),Added to group,"verified=True path=from_record,refreshed_access_hash"
7892081517,,iMobile Phone,3042105460,P≈ì≈æ≈æ,Added to group,"verified=True path=from_record,refreshed_access_hash"
7591390708,,iMobile Phone,3042105460,·ûö·ûè·ûì·û∂,Added to group,"verified=True path=from_record,refreshed_access_hash"
7789793676,Lorpanhavitou9999,iMobile Phone,3042105460,Vi Tou (@Lorpanhavitou9999),Added to group,"verified=True path=from_record,refreshed_access_hash"
1201962004,,iMobile Phone,3042105460,Jing,Added to group,"verified=True path=from_record,refreshed_access_hash"
1376176616,,iMobile Phone,3042105460,DA,Added to group,"verified=True path=from_record,refreshed_access_hash"
7669039604,,iMobile Phone,3042105460,·ûö·ûä·üí·ûá,Added to group,"verified=True path=from_record,refreshed_access_hash"
8205668784,,iMobile Phone,3042105460,ƒê√†o ƒêo√†n,Added to group,"verified=True path=from_record,refreshed_access_hash"
5892460632,,iMobile Phone,3042105460,Gi√†ng Luy·∫øn,Added to group,"verified=True path=from_record,refreshed_access_hash"
1152886499,,iMobile Phone,3042105460,LengTrY,Added to group,"verified=True path=from_record,refreshed_access_hash"
8383598152,,iMobile Phone,3042105460,Cg,Added to group,"verified=True path=from_record,refreshed_access_hash"
6406981494,,iMobile Phone,3042105460,·ûÜ·üÉ (855972571244),Added to group,"verified=True path=from_record,refreshed_access_hash"
8192218353,,iMobile Phone,3042105460,SOK,Added to group,"verified=True path=from_record,refreshed_access_hash"
7384480502,,iMobile Phone,3042105460,Y√¶,Added to group,"verified=True path=from_record,refreshed_access_hash"
8028959694,,iMobile Phone,3042105460,Da,Added to group,"verified=True path=from_record,refreshed_access_hash"
5846502820,,iMobile Phone,3042105460,Khoeun,Added to group,"verified=True path=from_record,refreshed_access_hash"
6709976874,,iMobile Phone,3042105460,B O y ‚ô•Ô∏è,Added to group,"verified=True path=from_record,refreshed_access_hash"
7167855755,,iMobile Phone,3042105460,Horng,Added to group,"verified=True path=from_record,refreshed_access_hash"
5377858724,,iMobile Phone,3042105460,·ûò·üâ·û∂ ·ûì·û∏ ·ûÄ·û∂,Added to group,"verified=True path=from_record,refreshed_access_hash"
7136253012,,iMobile Phone,3042105460,CHEN,Added to group,"verified=True path=from_record,refreshed_access_hash"
6297821694,,iMobile Phone,3042105460,Mony,Added to group,"verified=True path=from_record,refreshed_access_hash"
7400031767,,iMobile Phone,3042105460,·ûî·ûâ·üí·ûâ·û∂,Added to group,"verified=True path=from_record,refreshed_access_hash"
8475702209,,iMobile Phone,3042105460,Si,Added to group,"verified=True path=from_record,refreshed_access_hash"
7025817787,,iMobile Phone,3042105460,R√ø√ø√¶,Added to group,"verified=True path=from_record,refreshed_access_hash"
7556094051,,iMobile Phone,3042105460,K,Added to group,"verified=True path=from_record,refreshed_access_hash"
8306772936,,iMobile Phone,3042105460,P,Added to group,"verified=True path=from_record,refreshed_access_hash"
7424981330,,iMobile Phone,3042105460,Ting,Added to group,"verified=True path=from_record,refreshed_access_hash"
8071211298,,iMobile Phone,3042105460,Frenkesko,Added to group,"verified=True path=from_record,refreshed_access_hash"
7996127728,,iMobile Phone,3042105460,·ûü·û∂·ûì·ûï·û∂·ûì·û∑·ûè,Added to group,"verified=True path=from_record,refreshed_access_hash"
1687676068,VisuthDarling,iMobile Phone,3042105460,Visuthh (@VisuthDarling),Added to group,"verified=True path=from_record,refreshed_access_hash"
8076939340,,iMobile Phone,3042105460,LE,Added to group,"verified=True path=from_record,refreshed_access_hash"
5772873027,theng2007,iMobile Phone,3042105460,·ûî·üä·ûª·ûì (@theng2007),Added to group,"verified=True path=from_record,refreshed_access_hash"
8178091234,,iMobile Phone,3042105460,May,Added to group,"verified=True path=from_record,refreshed_access_hash"
2035296239,Dy_Linn,iMobile Phone,3042105460,. (@Dy_Linn),Added to group,"verified=True path=from_record,refreshed_access_hash"
1641174682,,iMobile Phone,3042105460,Chenda,Added to group,"verified=True path=from_record,refreshed_access_hash"
6560574431,,iMobile Phone,3042105460,Romam,Added to group,"verified=True path=from_record,refreshed_access_hash"
1734705787,,iMobile Phone,3042105460,Puk,Added to group,"verified=True path=from_record,refreshed_access_hash"
7075235802,,iMobile Phone,3042105460,Khim,Added to group,"verified=True path=from_record,refreshed_access_hash"
7235206307,,iMobile Phone,3042105460,Khf,Added to group,"verified=True path=from_record,refreshed_access_hash"
7535538333,,iMobile Phone,3042105460,Sorli,Added to group,"verified=True path=from_record,refreshed_access_hash"
1789580628,RikimaruBenshi,iMobile Phone,3042105460,·ûÖ·üÅ·ûü·üí·ûè·û∂ ·ûá·û∂·ûò·ûì·üí·ûè·üí·ûö·û∏·ûü·üí·ûõ·û∂·ûî·üã·ûò·û∂·ûì·ûá·û∏·ûú·û∑·ûè ·ûî·ûÑ·üí·ûÄ·ûæ·ûè·ûó·üí·ûõ·ûæ·ûÑ·ûì·ûö·ûÄ·ûä·ûª·ûè·ûü·ûè·üí·ûö·ûº·ûú·û¢·ûü·üã·ûò·û∑·ûì·ûü·ûõ·üã (@RikimaruBenshi),Added to group,"verified=True path=from_record,refreshed_access_hash"
6675327342,,iMobile Phone,3042105460,Sochen,Added to group,"verified=True path=from_record,refreshed_access_hash"
7993335793,,iMobile Phone,3042105460,Susenne,Added to group,"verified=True path=from_record,refreshed_access_hash"
5916664791,,iMobile Phone,3042105460,Reaksa sat,Added to group,"verified=True path=from_record,refreshed_access_hash"
7042239229,,iMobile Phone,3042105460,Chan,Added to group,"verified=True path=from_record,refreshed_access_hash"
8336715064,,iMobile Phone,3042105460,vy,Added to group,"verified=True path=from_record,refreshed_access_hash"
6834670805,,iMobile Phone,3042105460,Zeii Neaüíû,Added to group,"verified=True path=from_record,refreshed_access_hash"
1267429403,tip23455,iMobile Phone,3042105460,Ah Skyyyüé∂ (@tip23455),Added to group,"verified=True path=from_record,refreshed_access_hash"
2004842909,,iMobile Phone,3042105460,Ma,Added to group,"verified=True path=from_record,refreshed_access_hash"
7621743055,,iMobile Phone,3042105460,Pi sey,Added to group,"verified=True path=from_record,refreshed_access_hash"
7656058867,,iMobile Phone,3042105460,Fl√∏py,Added to group,"verified=True path=from_record,refreshed_access_hash"
1585448890,chanpanha3,iMobile Phone,3042105460,Chan (@chanpanha3),Added to group,"verified=True path=from_record,refreshed_access_hash"
8467518118,,iMobile Phone,3042105460,Pooz,Added to group,"verified=True path=from_record,refreshed_access_hash"
7357310095,hashaTDN,iMobile Phone,3042105460,·û†·üÅ·ûÑ ·ûÜ·üÅ·ûÑ·ûõ·û∂·ûó (@hashaTDN),Added to group,"verified=True path=from_record,refreshed_access_hash"
7900238196,,iMobile Phone,3042105460,Bro,Added to group,"verified=True path=from_record,refreshed_access_hash"
1839155643,Rith_Calvin,iMobile Phone,3042105460,Thunrith (@Rith_Calvin),Added to group,"verified=True path=from_record,refreshed_access_hash"
8264267957,,iMobile Phone,3042105460,Ly,Added to group,"verified=True path=from_record,refreshed_access_hash"
7567433028,Nith_kmenglaor,iMobile Phone,3042105460,Nith (@Nith_kmenglaor),Added to group,"verified=True path=from_record,refreshed_access_hash"
1799032196,dontforgetphea,iMobile Phone,3042105460,Veourn (@dontforgetphea),Added to group,"verified=True path=from_record,refreshed_access_hash"
1660715060,,iMobile Phone,3042105460,pich,Added to group,"verified=True path=from_record,refreshed_access_hash"
5450889784,,iMobile Phone,3042105460,Ricky,Added to group,"verified=True path=from_record,refreshed_access_hash"
8007217028,,iMobile Phone,3042105460,No,Added to group,"verified=True path=from_record,refreshed_access_hash"
6769328557,nnkimthanh99,iMobile Phone,3042105460,Kim (@nnkimthanh99),Added to group,"verified=True path=from_record,refreshed_access_hash"
2062281525,,iMobile Phone,3042105460,·ûú·û∏·ûä,Added to group,"verified=True path=from_record,refreshed_access_hash"
6884151742,,iMobile Phone,3042105460,Meng Hong (85581468119),Added to group,"verified=True path=from_record,refreshed_access_hash"
5682724885,Barklundy,iMobile Phone,3042105460,Pu (@Barklundy),Added to group,"verified=True path=from_record,refreshed_access_hash"
6455184803,komyloy,iMobile Phone,3042105460,Kkk (@komyloy),Added to group,"verified=True path=from_record,refreshed_access_hash"
6837645784,,iMobile Phone,3042105460,·ûÖ·û∂·ûì·üã·ûê·û∂·üí·ûõ,Added to group,"verified=True path=from_record,refreshed_access_hash"
6407629371,,iMobile Phone,3042105460,Kroem,Added to group,"verified=True path=from_record,refreshed_access_hash"
540949124,,iMobile Phone,3042105460,YOM,Added to group,"verified=True path=from_record,refreshed_access_hash"
7912011041,,iMobile Phone,3042105460,·ûè·ûª·ûì,Added to group,"verified=True path=from_record,refreshed_access_hash"
7903145952,,iMobile Phone,3042105460,Pech,Added to group,"verified=True path=from_record,refreshed_access_hash"
7216833036,,iMobile Phone,3042105460,·ûü·üÜ·û¢·û∂·ûè,Added to group,"verified=True path=from_record,refreshed_access_hash"
6307792977,,iMobile Phone,3042105460,415646,Added to group,"verified=True path=from_record,refreshed_access_hash"
837731290,PenChamreun,iMobile Phone,3042105460,Pen Chamreun (@PenChamreun),Added to group,"verified=True path=from_record,refreshed_access_hash"
7553448585,httpstmecallRtrdB4l6OELZ8DL_dOym,iMobile Phone,3042105460,B√∏√ø Long (@httpstmecallRtrdB4l6OELZ8DL_dOym),Added to group,"verified=True path=from_record,refreshed_access_hash"
7934722252,,iMobile Phone,3042105460,Teth,Added to group,"verified=True path=from_record,refreshed_access_hash"
6729059386,,iMobile Phone,3042105460,ren,Added to group,"verified=True path=from_record,refreshed_access_hash"
1994841436,,iMobile Phone,3042105460,Porn,Added to group,"verified=True path=from_record,refreshed_access_hash"
8151286250,,iMobile Phone,3042105460,Jrhehd,Added to group,"verified=True path=from_record,refreshed_access_hash"
2026765998,Yufin_hhhh,iMobile Phone,3042105460,Rot (@Yufin_hhhh),Added to group,"verified=True path=from_record,refreshed_access_hash"
1613556392,Neng2008,iMobile Phone,3042105460,Men LiNeng üíÅüèª‚Äç‚ôÇÔ∏è (@Neng2008),Added to group,"verified=True path=from_record,refreshed_access_hash"
1800454353,,iMobile Phone,3042105460,Sokk Mean,Added to group,"verified=True path=from_record,refreshed_access_hash"
5522232280,,iMobile Phone,3042105460,Bun,Added to group,"verified=True path=from_record,refreshed_access_hash"
6033516290,,iMobile Phone,3042105460,P ‚ù£Ô∏è,Added to group,"verified=True path=from_record,refreshed_access_hash"
7911159611,,iMobile Phone,3042105460,Meng,Added to group,"verified=True path=from_record,refreshed_access_hash"
7175146309,,iMobile Phone,3042105460,DETH,Added to group,"verified=True path=from_record,refreshed_access_hash"
5018545071,,iMobile Phone,3042105460,Sodh,Added to group,"verified=True path=from_record,refreshed_access_hash"
6970277945,,iMobile Phone,3042105460,·ûö·û∑·ûì,Added to group,"verified=True path=from_record,refreshed_access_hash"
6360055089,,iMobile Phone,3042105460,Tola,Added to group,"verified=True path=from_record,refreshed_access_hash"
8353748895,,iMobile Phone,3042105460,Wgsh,Added to group,"verified=True path=from_record,refreshed_access_hash"
7200992024,,iMobile Phone,3042105460,Pheak,Added to group,"verified=True path=from_record,refreshed_access_hash"
1906610098,,iMobile Phone,3042105460,BRO,Added to group,"verified=True path=from_record,refreshed_access_hash"
7140714908,,iMobile Phone,3042105460,Yorn Theang,Added to group,"verified=True path=from_record,refreshed_access_hash"
7268214580,,iMobile Phone,3042105460,Rom,Added to group,"verified=True path=from_record,refreshed_access_hash"
6600336277,,iMobile Phone,3042105460,Kim Huyüíû‚úåÔ∏è,Added to group,"verified=True path=from_record,refreshed_access_hash"
7927222345,,iMobile Phone,3042105460,Lida,Added to group,"verified=True path=from_record,refreshed_access_hash"
5343042349,,iMobile Phone,3042105460,Mith,Added to group,"verified=True path=from_record,refreshed_access_hash"
7954191678,,iMobile Phone,3042105460,‡≠ß‚ç§‚Éùüá∞üá≠,Added to group,"verified=True path=from_record,refreshed_access_hash"
7787074893,,iMobile Phone,3042105460,Bro,Added to group,"verified=True path=from_record,refreshed_access_hash"
7129194535,,iMobile Phone,3042105460,Theara,Added to group,"verified=True path=from_record,refreshed_access_hash"
5272210774,,iMobile Phone,3042105460,Ranut,Added to group,"verified=True path=from_record,refreshed_access_hash"
5873420856,ViSal1234M,iMobile Phone,3042105460,Visal (@ViSal1234M),Added to group,"verified=True path=from_record,refreshed_access_hash"
7849070940,,iMobile Phone,3042105460,·ûà·ûì,Added to group,"verified=True path=from_record,refreshed_access_hash"
8324612249,,iMobile Phone,3042105460,LY,Added to group,"verified=True path=from_record,refreshed_access_hash"
7685682695,,iMobile Phone,3042105460,·ûá·ûì,Added to group,"verified=True path=from_record,refreshed_access_hash"
7078707909,,iMobile Phone,3042105460,AhChay,Added to group,"verified=True path=from_record,refreshed_access_hash"
7327439696,,iMobile Phone,3042105460,AH,Added to group,"verified=True path=from_record,refreshed_access_hash"
873677515,bunchheoun_panhaseth,iMobile Phone,3042105460,Sethh (@bunchheoun_panhaseth),Added to group,"verified=True path=from_record,refreshed_access_hash"
7771273916,mengstillyoung314,iMobile Phone,3042105460,Meng.H (@mengstillyoung314),Added to group,"verified=True path=from_record,refreshed_access_hash"
7905441738,,iMobile Phone,3042105460,Kruy,Added to group,"verified=True path=from_record,refreshed_access_hash"
6606625185,,iMobile Phone,3042105460,Da,Added to group,"verified=True path=from_record,refreshed_access_hash"
5628750756,,iMobile Phone,3042105460,Srey,Added to group,"verified=True path=from_record,refreshed_access_hash"
6204343561,,iMobile Phone,3042105460,Thol,Added to group,"verified=True path=from_record,refreshed_access_hash"
1877246800,,iMobile Phone,3042105460,TEAP,Added to group,"verified=True path=from_record,refreshed_access_hash"
5551101926,saolis_289,iMobile Phone,3042105460,DlN SOALIS‚ù§Ô∏è (@saolis_289),Added to group,"verified=True path=from_record,refreshed_access_hash"
6228840718,,iMobile Phone,3042105460,V√Æ,Added to group,"verified=True path=from_record,refreshed_access_hash"
2023290569,,iMobile Phone,3042105460,Neath,Added to group,"verified=True path=from_record,refreshed_access_hash"
6888280340,,iMobile Phone,3042105460,Thea nu,Added to group,"verified=True path=from_record,refreshed_access_hash"
7656565892,,iMobile Phone,3042105460,Rey,Added to group,"verified=True path=from_record,refreshed_access_hash"
6698290618,,iMobile Phone,3042105460,Ra,Added to group,"verified=True path=from_record,refreshed_access_hash"
6878501946,,iMobile Phone,3042105460,Thol,Added to group,"verified=True path=from_record,refreshed_access_hash"
7554649843,,iMobile Phone,3042105460,È¶¨Â∞ºÁâπ,Added to group,"verified=True path=from_record,refreshed_access_hash"
7417828816,,iMobile Phone,3042105460,Sim,Added to group,"verified=True path=from_record,refreshed_access_hash"
6426969534,,iMobile Phone,3042105460,8083,Added to group,"verified=True path=from_record,refreshed_access_hash"
8009489304,,iMobile Phone,3042105460,T,Added to group,"verified=True path=from_record,refreshed_access_hash"
6932193461,,iMobile Phone,3042105460,Chandy,Added to group,"verified=True path=from_record,refreshed_access_hash"
1699738869,,iMobile Phone,3042105460,Thai,Added to group,"verified=True path=from_record,refreshed_access_hash"
6617853927,,iMobile Phone,3042105460,Ly,Added to group,"verified=True path=from_record,refreshed_access_hash"
5906291209,Piirak000,iMobile Phone,3042105460,Pii (@Piirak000),Added to group,"verified=True path=from_record,refreshed_access_hash"
8459223284,,iMobile Phone,3042105460,Ry,Added to group,"verified=True path=from_record,refreshed_access_hash"
7038071923,Hongchannaty,iMobile Phone,3042105460,·û†·ûª·ûÑ ·ûÖ·û∂·ûì·üã·ûé·û∂·ûë·û∏ (@Hongchannaty),Added to group,"verified=True path=from_record,refreshed_access_hash"
8158339043,,iMobile Phone,3042105460,P√§,Added to group,"verified=True path=from_record,refreshed_access_hash"
7809250109,,iMobile Phone,3042105460,Serey,Added to group,"verified=True path=from_record,refreshed_access_hash"
6227585677,Bun_Piero,iMobile Phone,3042105460,Bun (@Bun_Piero),Added to group,"verified=True path=from_record,refreshed_access_hash"
1983820903,,iMobile Phone,3042105460,Ung,Added to group,"verified=True path=from_record,refreshed_access_hash"
5667185566,,iMobile Phone,3042105460,P-hy,Added to group,"verified=True path=from_record,refreshed_access_hash"
7227149692,,iMobile Phone,3042105460,Sa,Added to group,"verified=True path=from_record,refreshed_access_hash"
987441365,seanghai_77,iMobile Phone,3042105460,Heng (@seanghai_77),Added to group,"verified=True path=from_record,refreshed_access_hash"
5995944486,,iMobile Phone,3042105460,·ûí·ûø·ûì ·ûò·üâ·üÅ·ûÑ,Added to group,"verified=True path=from_record,refreshed_access_hash"
6404339487,Rotha02082008,iMobile Phone,3042105460,Reat (@Rotha02082008),Added to group,"verified=True path=from_record,refreshed_access_hash"
6486264281,,iMobile Phone,3042105460,seang,Added to group,"verified=True path=from_record,refreshed_access_hash"
7775217208,s_e_a_v_e,iMobile Phone,3042105460,Pov meas (@s_e_a_v_e),Added to group,"verified=True path=from_record,refreshed_access_hash"
5202132454,,iMobile Phone,3042105460,Ching,Added to group,"verified=True path=from_record,refreshed_access_hash"
5013378726,,iMobile Phone,3042105460,Sea,Added to group,"verified=True path=from_record,refreshed_access_hash"
8013399483,,iMobile Phone,3042105460,kim,Added to group,"verified=True path=from_record,refreshed_access_hash"
5892316524,,iMobile Phone,3042105460,Makara,Added to group,"verified=True path=from_record,refreshed_access_hash"
7662581466,dinkokomaa,iMobile Phone,3042105460,Din (@dinkokomaa),Added to group,"verified=True path=from_record,refreshed_access_hash"
5675737730,A6789064,iMobile Phone,3042105460,proya (@A6789064),Added to group,"verified=True path=from_record,refreshed_access_hash"
6989041921,,iMobile Phone,3042105460,Min Van,Added to group,"verified=True path=from_record,refreshed_access_hash"
5868509228,,iMobile Phone,3042105460,Lii K√∏r√±g,Added to group,"verified=True path=from_record,refreshed_access_hash"
8045913085,,iMobile Phone,3042105460,Bro,Added to group,"verified=True path=from_record,refreshed_access_hash"
6647811432,,iMobile Phone,3042105460,·ûÄ·ûº·ûì·û¢·üí·ûì·ûÄ ·ûñ·üÑ·ûí·û∏·ûü·û∂·ûè·üã,Added to group,"verified=True path=from_record,refreshed_access_hash"
7330432630,,iMobile Phone,3042105460,Visal,Added to group,"verified=True path=from_record,refreshed_access_hash"
7899015596,,iMobile Phone,3042105460,Ra,Added to group,"verified=True path=from_record,refreshed_access_hash"
7445552817,,iMobile Phone,3042105460,Xi,Added to group,"verified=True path=from_record,refreshed_access_hash"
5862854123,,iMobile Phone,3042105460,:),Added to group,"verified=True path=from_record,refreshed_access_hash"
496083276,PHOEUN36,iMobile Phone,3042105460,SEAN (@PHOEUN36),Restricted,Invite failed: One of the users you tried to add is already in too many channels/supergroups (caused by InviteToChannelRequest)
7687276699,,iMobile Phone,3042105460,·ûì·û∏ ·ûì·û∏,Added to group,"verified=True path=from_record,refreshed_access_hash"
7251024507,,iMobile Phone,3042105460,RI,Added to group,"verified=True path=from_record,refreshed_access_hash"
8019207814,ss_b_ot,iMobile Phone,3042105460,Fan (@ss_b_ot),Added to group,"verified=True path=from_record,refreshed_access_hash"
7293028520,Kirasafe1,iMobile Phone,3042105460,ùó©ùóÆùóÆüéÄ (@Kirasafe1),Added to group,"verified=True path=from_record,refreshed_access_hash"
7733819905,,iMobile Phone,3042105460,Run,Added to group,"verified=True path=from_record,refreshed_access_hash"
5947933688,,iMobile Phone,3042105460,Tho,Added to group,"verified=True path=from_record,refreshed_access_hash"
8005926331,,iMobile Phone,3042105460,Â§ß,Added to group,"verified=True path=from_record,refreshed_access_hash"
8055045552,,iMobile Phone,3042105460,bro that,Added to group,"verified=True path=from_record,refreshed_access_hash"
7518875832,,iMobile Phone,3042105460,Leang,Added to group,"verified=True path=from_record,refreshed_access_hash"
2079120040,,iMobile Phone,3042105460,·ûé·üÅ·ûè ·ûé·üÅ·ûè,Added to group,"verified=True path=from_record,refreshed_access_hash"
6582384652,,iMobile Phone,3042105460,Mei,Added to group,"verified=True path=from_record,refreshed_access_hash"
7820325586,,iMobile Phone,3042105460,Ma,Added to group,"verified=True path=from_record,refreshed_access_hash"
6905036839,,iMobile Phone,3042105460,Sa,Added to group,"verified=True path=from_record,refreshed_access_hash"
7734295274,,iMobile Phone,3042105460,Ra,Added to group,"verified=True path=from_record,refreshed_access_hash"
1954897656,,iMobile Phone,3042105460,POZZ DANüòò{kpc}üå∑,Added to group,"verified=True path=from_record,refreshed_access_hash"5901519026,Denn_cmii,iMobile Phone,3042105460,Denn (@Denn_cmii),Added to group,"verified=True path=from_record,refreshed_access_hash"
1527726267,borasokk,iMobile Phone,3042105460,Sok bora (@borasokk),Added to group,"verified=True path=from_record,refreshed_access_hash"1156776183,iujkkkkk,iMobile Phone,3042105460,neson (@iujkkkkk),Added to group,"verified=True path=from_record,refreshed_access_hash"
1432760269,,iMobile Phone,3042105460,BILLY,Added to group,"verified=True path=from_record,refreshed_access_hash"1052928515,BoNzus15,iMobile Phone,3042105460,Heng (@BoNzus15),Added to group,"verified=True path=from_record,refreshed_access_hash"6235918966,,iMobile Phone,3042105460,·ûü·üÜ·ûé·û∂·ûÑ ·ûö·û∑·ûë·û∏·üí·ûú,Added to group,"verified=True path=from_record,refreshed_access_hash"
2001406495,,iMobile Phone,3042105460,·ûí·ûì‚Äã ·ûú·û∑·ûÖ·üí·ûÖ·û∑·ûÄ·û∂,Added to group,"verified=True path=from_record,refreshed_access_hash"1104061019,Randomdude1234t,iMobile Phone,3042105460,Bernard (@Randomdude1234t),Added to group,"verified=True path=from_record,refreshed_access_hash"
1882749772,,iMobile Phone,3042105460,Soksoksoksoksok,Added to group,"verified=True path=from_record,refreshed_access_hash"7639030548,,iMobile Phone,3042105460,Linn‚ù§Ô∏è‚Äçü©π,Added to group,"verified=True path=from_record,refreshed_access_hash"6092253909,,iMobile Phone,
7343169573,,iMobile Phone,3042105460,CHHANG SOCHEA (855978606555),Added to group,"verified=True path=from_record,refreshed_access_hash"
5239658923,Hiratuna,iMobile Phone,3042105460,Soeurn (@Hiratuna),Added to group,"verified=True path=from_record,refreshed_access_hash"
8279266178,,iMobile Phone,3042105460,soy (855972640503),Added to group,"verified=True path=from_record,refreshed_access_hash"
1665816596,PISETHCHEA1321,iMobile Phone,3042105460,CHEA PISETH (@PISETHCHEA1321),Added to group,"verified=True path=from_record,refreshed_access_hash"
6092253909,,iMobile Phone,3042105460,Sethhhh,Added to group,"verified=True path=from_record,refreshed_access_hash"
8388861860,,iMobile Phone,3042105460,.,Added to group,"verified=True path=from_record,refreshed_access_hash"
5049679658,,iMobile Phone,3042105460,·ûü·û∂·ûì,Added to group,"verified=True path=from_record,refreshed_access_hash"
803918255,,iMobile Phone,3042105460,Kang Sreysor,Added to group,"verified=True path=from_record,refreshed_access_hash"
6730086844,,iMobile Phone,3042105460,Bento,Added to group,"verified=True path=from_record,refreshed_access_hash"
927958864,Bigpiggg,iMobile Phone,3042105460,Yeng (@Bigpiggg),Added to group,"verified=True path=from_record,refreshed_access_hash"
944261068,Hourbina,iMobile Phone,3042105460,Meas (@Hourbina),Added to group,"verified=True path=from_record,refreshed_access_hash"
2078133565,,iMobile Phone,3042105460,Kimlong,Added to group,"verified=True path=from_record,refreshed_access_hash"
5846777847,,iMobile Phone,3042105460,Nin PheaRo,Added to group,"verified=True path=from_record,refreshed_access_hash"
2071903509,sotaylin,iMobile Phone,3042105460,(ÈòøÊûó) (@sotaylin),Added to group,"verified=True path=from_record,refreshed_access_hash"
5290549954,Phon934,iMobile Phone,3042105460,Phon üïä (@Phon934),Added to group,"verified=True path=from_record,refreshed_access_hash"
931985791,,iMobile Phone,3042105460,Sem (85595966325),Added to group,"verified=True path=from_record,refreshed_access_hash"
948267516,,iMobile Phone,3042105460,Heng SALINA,Added to group,"verified=True path=from_record,refreshed_access_hash"
7614226381,,iMobile Phone,3042105460,Rotha,Added to group,"verified=True path=from_record,refreshed_access_hash"
1665816596,PISETHCHEA1321,iMobile Phone Store,3060514178,CHEA PISETH (@PISETHCHEA1321),Added to group,"verified=True path=from_record,refreshed_access_hash"
6092253909,,iMobile Phone Store,3060514178,Sethhhh,Added to group,"verified=True path=from_record,refreshed_access_hash"
1527726267,borasokk,iMobile Phone Store,3060514178,Sok bora (@borasokk),Added to group,"verified=True path=from_record,refreshed_access_hash"
8388861860,,iMobile Phone Store,3060514178,.,Added to group,"verified=True path=from_record,refreshed_access_hash"
1156776183,iujkkkkk,iMobile Phone Store,3060514178,neson (@iujkkkkk),Added to group,"verified=True path=from_record,refreshed_access_hash"
5056994024,min_chtheourn2,iMobile Phone Store,3060514178,Min (@min_chtheourn2),Added to group,"verified=True path=from_record,refreshed_access_hash"
5901519026,Denn_cmii,iMobile Phone Store,3060514178,Denn (@Denn_cmii),Added to group,"verified=True path=from_record,refreshed_access_hash"
1432760269,,iMobile Phone Store,3060514178,BILLY,Added to group,"verified=True path=from_record,refreshed_access_hash"
7825535350,Zakiontop,iMobile Phone Store,3060514178,ùó≠ ùóî (@Zakiontop),Added to group,"verified=True path=from_record,refreshed_access_hash"
5239658923,Hiratuna,iMobile Phone Store,3060514178,Soeurn (@Hiratuna),Added to group,"verified=True path=from_record,refreshed_access_hash"
8279266178,,iMobile Phone Store,3060514178,soy (855972640503),Added to group,"verified=True path=from_record,refreshed_access_hash"
5049679658,,iMobile Phone Store,3060514178,·ûü·û∂·ûì,Added to group,"verified=True path=from_record,refreshed_access_hash"
803918255,,iMobile Phone Store,3060514178,Kang Sreysor,Added to group,"verified=True path=from_record,refreshed_access_hash"
6730086844,,iMobile Phone Store,3060514178,Bento,Added to group,"verified=True path=from_record,refreshed_access_hash"
927958864,Bigpiggg,iMobile Phone Store,3060514178,Yeng (@Bigpiggg),Added to group,"verified=True path=from_record,refreshed_access_hash"
944261068,Hourbina,iMobile Phone Store,3060514178,Meas (@Hourbina),Added to group,"verified=True path=from_record,refreshed_access_hash"
2078133565,,iMobile Phone Store,3060514178,Kimlong,Added to group,"verified=True path=from_record,refreshed_access_hash"
2001406495,,iMobile Phone Store,3060514178,·ûí·ûì‚Äã ·ûú·û∑·ûÖ·üí·ûÖ·û∑·ûÄ·û∂,Added to group,"verified=True path=from_record,refreshed_access_hash"
2071903509,sotaylin,iMobile Phone Store,3060514178,(ÈòøÊûó) (@sotaylin),Added to group,"verified=True path=from_record,refreshed_access_hash"
5846777847,,iMobile Phone Store,3060514178,Nin PheaRo,Added to group,"verified=True path=from_record,refreshed_access_hash"
1882749772,,iMobile Phone Store,3060514178,Soksoksoksoksok,Added to group,"verified=True path=from_record,refreshed_access_hash"
5290549954,Phon934,iMobile Phone Store,3060514178,Phon üïä (@Phon934),Added to group,"verified=True path=from_record,refreshed_access_hash"
7639030548,,iMobile Phone Store,3060514178,Linn‚ù§Ô∏è‚Äçü©π,Added to group,"verified=True path=from_record,refreshed_access_hash"
6845437474,,iMobile Phone Store,3060514178,Hi,Added to group,"verified=True path=from_record,refreshed_access_hash"
5292807871,,iMobile Phone Store,3060514178,Phanith,Added to group,"verified=True path=from_record,refreshed_access_hash"
960436527,ThaiiGii,iMobile Phone Store,3060514178,·û†·üÅ·ûÑ (@ThaiiGii),Added to group,"verified=True path=from_record,refreshed_access_hash"
1969777332,nonchalantfinalbosss,iMobile Phone Store,3060514178,Songheng (@nonchalantfinalbosss),Added to group,"verified=True path=from_record,refreshed_access_hash"
1052928515,BoNzus15,iMobile Phone Store,3060514178,Heng (@BoNzus15),Added to group,"verified=True path=from_record,refreshed_access_hash"
6235918966,,iMobile Phone Store,3060514178,·ûü·üÜ·ûé·û∂·ûÑ ·ûö·û∑·ûë·û∏·üí·ûú,Added to group,"verified=True path=from_record,refreshed_access_hash"
1104061019,Randomdude1234t,iMobile Phone Store,3060514178,Bernard (@Randomdude1234t),Added to group,"verified=True path=from_record,refreshed_access_hash"
931985791,,iMobile Phone Store,3060514178,Sem (85595966325),Added to group,"verified=True path=from_record,refreshed_access_hash"
948267516,,iMobile Phone Store,3060514178,Heng SALINA,Added to group,"verified=True path=from_record,refreshed_access_hash"
5294126194,,iMobile Phone Store,3060514178,S.Sivhorng,Added to group,"verified=True path=from_record,refreshed_access_hash"
7614226381,,iMobile Phone Store,3060514178,Rotha,Added to group,"verified=True path=from_record,refreshed_access_hash"
5410591254,,iMobile Phone Store,3060514178,Khoeurt,Added to group,"verified=True path=from_record,refreshed_access_hash"
5437092360,Senghea123,iMobile Phone Store,3060514178,Seng (@Senghea123),Added to group,"verified=True path=from_record,refreshed_access_hash"
1283390380,,iMobile Phone Store,3060514178,Seng,Added to group,"verified=True path=from_record,refreshed_access_hash"
5623830412,,iMobile Phone Store,3060514178,62-Koem,Added to group,"verified=True path=from_record,refreshed_access_hash"
6028873523,heng_chhunleng,iMobile Phone Store,3060514178,Leng (@heng_chhunleng),Added to group,"verified=True path=from_record,refreshed_access_hash"
7005479892,,iMobile Phone Store,3060514178,Naul,Added to group,"verified=True path=from_record,refreshed_access_hash"
6264830387,Heng_cheng_song,iMobile Phone Store,3060514178,SOngg (@Heng_cheng_song),Added to group,"verified=True path=from_record,refreshed_access_hash"
1132955758,,iMobile Phone Store,3060514178,üÑºüÑ≤,Added to group,"verified=True path=from_record,refreshed_access_hash"
978433445,sourdinaa,iMobile Phone Store,3060514178,Dna (@sourdinaa),Added to group,"verified=True path=from_record,refreshed_access_hash"
2112928455,DEMENG_B,iMobile Phone Store,3060514178,Bol (@DEMENG_B),Added to group,"verified=True path=from_record,refreshed_access_hash"
1217281122,optimusthy,iMobile Phone Store,3060514178,Chan (@optimusthy),Added to group,"verified=True path=from_record,refreshed_access_hash"
1967404038,mgcg1,iMobile Phone Store,3060514178,CHHOUNG (@mgcg1),Added to group,"verified=True path=from_record,refreshed_access_hash"
5283466389,Sumsopheaponharith,iMobile Phone Store,3060514178,Sum (@Sumsopheaponharith),Added to group,"verified=True path=from_record,refreshed_access_hash"
8095037997,,iMobile Phone Store,3060514178,ah,Added to group,"verified=True path=from_record,refreshed_access_hash"
6730488244,chor_Sreynich,iMobile Phone Store,3060514178,Srey (@chor_Sreynich),Added to group,"verified=True path=from_record,refreshed_access_hash"
794655194,ToLacoster,iMobile Phone Store,3060514178,Tola (@ToLacoster),Added to group,"verified=True path=from_record,refreshed_access_hash"
1397851586,Khammolina,iMobile Phone Store,3060514178,‡§ñ‡§Ø (@Khammolina),Added to group,"verified=True path=from_record,refreshed_access_hash"
700240138,panhavuthpan,iMobile Phone Store,3060514178,Panhavuth (@panhavuthpan),Added to group,"verified=True path=from_record,refreshed_access_hash"
6596414420,,iMobile Phone Store,3060514178,Ly Neang,Added to group,"verified=True path=from_record,refreshed_access_hash"
8140904077,,iMobile Phone Store,3060514178,Seth,Added to group,"verified=True path=from_record,refreshed_access_hash"
6901001822,Rathde_DykanokadeP,iMobile Phone Store,3060514178,Tepi (@Rathde_DykanokadeP),Added to group,"verified=True path=from_record,refreshed_access_hash"
7509112399,,iMobile Phone Store,3060514178,Meng,Added to group,"verified=True path=from_record,refreshed_access_hash"
5992022378,rkanhtverey6,iMobile Phone Store,3060514178,Yang Fei (@rkanhtverey6),Added to group,"verified=True path=from_record,refreshed_access_hash"
1910625534,,iMobile Phone Store,3060514178,nakhim,Added to group,"verified=True path=from_record,refreshed_access_hash"
7484104832,horanghaeaeae,iMobile Phone Store,3060514178,·ûü·ûì (@horanghaeaeae),Added to group,"verified=True path=from_record,refreshed_access_hash"
435722451,Nay_OudomKhemarak,iMobile Phone Store,3060514178,Nay oudomkhemarak (@Nay_OudomKhemarak),Added to group,"verified=True path=from_record,refreshed_access_hash"
5617144700,,iMobile Phone Store,3060514178,Pong,Added to group,"verified=True path=from_record,refreshed_access_hash"
7573190353,,iMobile Phone Store,3060514178,Ba,Added to group,"verified=True path=from_record,refreshed_access_hash"
6687421171,,iMobile Phone,3042105460,·ûü·üÅ·ûÑ·û†·üê·ûÑ,Added to group,"verified=True path=from_record,refreshed_access_hash"
6596414420,,iMobile Phone,3042105460,Ly Neang,Added to group,"verified=True path=from_record,refreshed_access_hash"
7340791669,,iMobile Phone,3060514178,Nur,Added to group,"verified=True path=from_record,refreshed_access_hash"
1221507298,nuth125,iMobile Phone,3060514178,Yav Chanuth (@nuth125),Added to group,verified=unknown path=resolved_username_retry
685758942,MDY9899,iMobile Phone,3060514178,Mai (@MDY9899),Added to group,verified=unknown path=resolved_username_retry
6687421171,,iMobile Phone,3060514178,·ûü·üÅ·ûÑ·û†·üê·ûÑ,Added to group,"verified=True path=from_record,refreshed_access_hash"
1291357616,,iMobile Phone,3042105460,Py,Added to group,"verified=True path=from_record,refreshed_access_hash"
7340791669,,iMobile Phone,3042105460,Nur,Added to group,"verified=True path=from_record,refreshed_access_hash"
1221507298,nuth125,iMobile Phone,3042105460,Yav Chanuth (@nuth125),Added to group,verified=unknown path=resolved_username_retry
685758942,MDY9899,iMobile Phone,3042105460,Mai (@MDY9899),Added to group,verified=unknown path=resolved_username_retry
978433445,sourdinaa,iMobile Phone,3042105460,Dna (@sourdinaa),Added to group,"verified=True path=from_record,refreshed_access_hash"
6845437474,,iMobile Phone,3042105460,Hi,Added to group,"verified=True path=from_record,refreshed_access_hash"
6028873523,heng_chhunleng,iMobile Phone,3042105460,Leng (@heng_chhunleng),Added to group,"verified=True path=from_record,refreshed_access_hash"
960436527,ThaiiGii,iMobile Phone,3042105460,·û†·üÅ·ûÑ (@ThaiiGii),Added to group,"verified=True path=from_record,refreshed_access_hash"
6287767196,dulvatey,iMobile Phone,3042105460,vatey (@dulvatey),Verification failed,"verified=False path=from_record,refreshed_access_hash"
1969777332,nonchalantfinalbosss,iMobile Phone,3042105460,Songheng (@nonchalantfinalbosss),Added to group,"verified=True path=from_record,refreshed_access_hash"
1291357616,,iMobile Phone,3060514178,Py,Added to group,"verified=True path=from_record,refreshed_access_hash"
6287767196,dulvatey,iMobile Phone,3060514178,vatey (@dulvatey),Added to group,verified=unknown path=resolved_username_retry
912726832,Teysx,iMobile Phone,3060514178,Althea (@Teysx),Added to group,verified=unknown path=resolved_username_retry
809936599,Hengsey,iMobile Phone,3060514178,Sreng (@Hengsey),Added to group,verified=unknown path=resolved_username_retry
1095677511,AstraZennn,iMobile Phone,3060514178,Rithysakkkk (@AstraZennn),Added to group,verified=unknown path=resolved_username_retry
1367096077,vnac_V,iMobile Phone,3060514178,Nac (@vnac_V),Verification unknown,verified=unknown path=resolved_username_retry
1018837489,makara21,iMobile Phone,3060514178,SM Makara (@makara21),Verification unknown,verified=unknown path=resolved_username_retry
5792018084,Oeun_So_thana,iMobile Phone,3060514178,·û¢·ûø·ûì (@Oeun_So_thana),Verification failed,"verified=False path=from_record,refreshed_access_hash"
538618045,chornayly,iMobile Phone,3060514178,Chornay (@chornayly),Verification unknown,verified=unknown path=resolved_username_retry
5499699222,marioastr,iMobile Phone,3060514178,Sing (@marioastr),Verification unknown,verified=unknown path=resolved_username_retry
7000883613,Lyhor_your_girl_forever,iMobile Phone,3060514178,Chheav (@Lyhor_your_girl_forever),Added to group,"verified=True path=from_record,refreshed_access_hash"
1843925350,phallmakara,iMobile Phone,3060514178,PHALL (@phallmakara),Added to group,"verified=True path=from_record,refreshed_access_hash"
301818798,Chhai_Senghong,iMobile Phone,3060514178,CHHAI (@Chhai_Senghong),Verification failed,"verified=False path=from_record,refreshed_access_hash"
6664265177,MrWhite2626,iMobile Phone,3060514178,R‚Äôlin S. (@MrWhite2626),Verification unknown,verified=unknown path=resolved_username_retry
1301874794,zeiirothoo777,iMobile Phone,3060514178,Ni (@zeiirothoo777),Verification unknown,verified=unknown path=resolved_username_retry
902558076,Yuthhr,iMobile Phone,3060514178,yuth (@Yuthhr),Verification unknown,verified=unknown path=resolved_username_retry
1051848391,Doun_Mengly,iMobile Phone,3060514178,Meng (@Doun_Mengly),Added to group,"verified=True path=from_record,refreshed_access_hash"
1939612249,NGETRATANA,iMobile Phone,3060514178,Nget Rathana - (@NGETRATANA),Verification unknown,verified=unknown path=resolved_username_retry
7159156087,therealsuysokim,iMobile Phone,3060514178,Suy (@therealsuysokim),Added to group,"verified=True path=from_record,refreshed_access_hash"
2136263973,iam_poengleap,iMobile Phone,3060514178,"ÂàòÂπ≥,., (@iam_poengleap)",Added to group,"verified=True path=from_record,refreshed_access_hash"
7495587910,nory752023,iMobile Phone,3060514178,ÈòøËä≥üéÄAFangüéÄ„ÄêÈ¶ôÈ¶ôÁªÑ„ÄëüéÄ (@nory752023),Added to group,"verified=True path=from_record,refreshed_access_hash"
7265571501,reachkmgchlat,iMobile Phone,3060514178,Thun rithy (@reachkmgchlat),Added to group,"verified=True path=from_record,refreshed_access_hash"
5385240527,Nnangouk,iMobile Phone,3060514178,Nang (@Nnangouk),Added to group,"verified=True path=from_record,refreshed_access_hash"
1454263012,zermen,iMobile Phone,3060514178,ÊÅíÊ≤≥ (@zermen),Verification unknown,verified=unknown path=resolved_username_retry
961122818,socheata7,iMobile Phone,3060514178,Yi Fang (@socheata7),Added to group,"verified=True path=from_record,refreshed_access_hash"
774154121,NineeSeptember,iMobile Phone,3060514178,Ratanaa. (@NineeSeptember),Added to group,"verified=True path=from_record,refreshed_access_hash"
6173157518,pitou225,iMobile Phone,3060514178,Yin (@pitou225),Added to group,"verified=True path=from_record,refreshed_access_hash"
1362673452,NY_SINET,iMobile Phone,3060514178,ùêçùêò ùêíùêàùêçùêÑùêì (@NY_SINET),Added to group,"verified=True path=from_record,refreshed_access_hash"
6024671419,kohogz,iMobile Phone,3060514178,Heng (@kohogz),Added to group,"verified=True path=from_record,refreshed_access_hash"
6403948766,Bing0007,iMobile Phone,3060514178,üêçSnake üêç (@Bing0007),Added to group,"verified=True path=from_record,refreshed_access_hash"
1244254778,So_norakomaraphoitt,iMobile Phone,3060514178,·ûü·ûº ·ûì·ûö·üâ·û∂ ·ûÄ·üÑ·ûò·üâ·û∂·ûö·ûó·ûë·üí·ûë (@So_norakomaraphoitt),Added to group,"verified=True path=from_record,refreshed_access_hash"
7894062484,peapsmoss,iMobile Phone,3060514178,Tun (@peapsmoss),Added to group,"verified=True path=from_record,refreshed_access_hash"
821617208,Pipheak_27,iMobile Phone,3060514178,Pipheak (@Pipheak_27),Added to group,"verified=True path=from_record,refreshed_access_hash"
5478985172,bili19999,iMobile Phone,3060514178,Heng (@bili19999),Added to group,"verified=True path=from_record,refreshed_access_hash"
5216098666,yeanchea77,iMobile Phone,3060514178,Chea (@yeanchea77),Added to group,"verified=True path=from_record,refreshed_access_hash"
6631416099,,iMobile Phone,3060514178,·ûÇ·ûÑ·üã,Added to group,"verified=True path=from_record,refreshed_access_hash"
6018812635,,iMobile Phone,3060514178,·ûà·ûø·ûì,Added to group,"verified=True path=from_record,refreshed_access_hash"
8112372420,,iMobile Phone,3060514178,Sean,Verification failed,"verified=False path=from_record,refreshed_access_hash"
1359124335,Ousakpheacivil,iMobile Phone,3060514178,OUSAKPHEA (@Ousakpheacivil),Verification unknown,verified=unknown path=resolved_username_retry
1469803483,nika18080,iMobile Phone,3060514178,CHAMREUON (@nika18080),Verification unknown,verified=unknown path=resolved_username_retry
6558075184,menng_01,iMobile Phone,3060514178,Menng (@menng_01),Added to group,"verified=True path=from_record,refreshed_access_hash"
5322634919,,iMobile Phone,3060514178,Sophanariech,Added to group,"verified=True path=from_record,refreshed_access_hash"
2118707494,steven070823,iMobile Phone,3060514178,Steven (@steven070823),Added to group,"verified=True path=from_record,refreshed_access_hash"
6303859013,No_Money_Zz,iMobile Phone,3060514178,‚öúÔ∏èJu Po‚öúÔ∏è (@No_Money_Zz),Added to group,"verified=True path=from_record,refreshed_access_hash"
1326999927,,iMobile Phone,3060514178,CHEA ROTHANA,Added to group,"verified=True path=from_record,refreshed_access_hash"
7773554497,,iMobile Phone,3060514178,V,Added to group,"verified=True path=get_input_entity,refreshed_access_hash"
1170637989,penlly04,iMobile Phone,3060514178,Penlly (@penlly04),Added to group,"verified=True path=resolved_username,refreshed_access_hash"
7713963934,blexzzzy,iMobile Phone,3060514178,Jame (@blexzzzy),Added to group,"verified=True path=resolved_username,refreshed_access_hash"
7304089882,,iMobile Phone,3060514178,·ûØ·ûò,Added to group,"verified=True path=prefetched_from_source,refreshed_access_hash"
5245578529,,iMobile Phone,3060514178,Nu,Skipped (not mutual),tried add_contact_by_id but failed
1979860241,,iMobile Phone,3060514178,Zerm,Added to group,"verified=True path=prefetched_from_source,refreshed_access_hash"
1951021429,,iMobile Phone,3060514178,·ûú·üâ·û∂ ·ûü·ûª·ûÅ·ûò·û∂·ûì,Added to group,"verified=True path=prefetched_from_source,refreshed_access_hash"
7170891675,,iMobile Phone,3060514178,Sak,Added to group,"verified=True path=prefetched_from_source,refreshed_access_hash"
1148985365,,iMobile Phone,3060514178,Madam,Added to group,"verified=True path=prefetched_from_source,refreshed_access_hash"
6847022536,XIHA77777,iMobile Phone,3060514178,XIHA (@XIHA77777),Added to group,"verified=True path=prefetched_from_source,refreshed_access_hash"
1433075245,chetzzzz123,iMobile Phone,3060514178,Chet (@chetzzzz123),Verification failed,"verified=False path=prefetched_from_source,refreshed_access_hash"
1437954311,lifewith_long,iMobile Phone,3060514178,Longg_ (@lifewith_long),Added to group,"verified=True path=resolved_username,refreshed_access_hash"
1348215695,SothRyna,iMobile Phone,3060514178,üíã ·ûö·û∂·ûá·ûü·û∏·û†·üç ·ûö·üÑ·ûò·ûò·û∂·ûü ·üö (@SothRyna),Verification failed,"verified=False path=prefetched_from_source,refreshed_access_hash"
6061776725,Mean11111,iMobile Phone,3060514178,Mean ‚ù£Ô∏è (@Mean11111),Added to group,"verified=True path=resolved_username,refreshed_access_hash"
8227186857,Chenan938,iMobile Phone,3060514178,Chana (@Chenan938),Added to group,"verified=True path=resolved_username,refreshed_access_hash"
1741791920,Lcluvu,iMobile Phone,3060514178,·ûÅ·ûì (@Lcluvu),Verification failed,"verified=False path=prefetched_from_source,refreshed_access_hash"
1219980811,Leossmey,iMobile Phone,3060514178,SMEY/ ·ûú·üâ·û∂ ·ûü·üí·ûò·û∏ (@Leossmey),Added to group,"verified=True path=resolved_username,refreshed_access_hash"
1912503944,Phalhamroeun,iMobile Phone,3060514178,phal (@Phalhamroeun),Added to group,"verified=True path=resolved_username,refreshed_access_hash"
1067485714,LHongkoung,iMobile Phone,3060514178,Hong (@LHongkoung),Added to group,"verified=True path=resolved_username,refreshed_access_hash"
5549577906,somnang3451,iMobile Phone,3060514178,Sorn (@somnang3451),Added to group,"verified=True path=prefetched_from_source,refreshed_access_hash"
1074006440,LEM_KINA12,iMobile Phone,3060514178,LEM (@LEM_KINA12),Added to group,"verified=True path=resolved_username,refreshed_access_hash"
8305661933,,iMobile Phone,3060514178,·ûî·ûÑ,Added to group,"verified=True path=prefetched_from_source,refreshed_access_hash"
1529255271,,iMobile Phone,3060514178,Makara,Added to group,"verified=True path=prefetched_from_source,refreshed_access_hash"
5886669398,,iMobile Phone,3060514178,Ke Sinat,Added to group,"verified=True path=prefetched_from_source,refreshed_access_hash"
6570978607,benben_1736,iMobile Phone,3060514178,Á¨®Á¨® (@benben_1736),Skipped (not mutual),tried add_contact_by_id but failed
381801344,,iMobile Phone,3060514178,Bunyang,Added to group,"verified=True path=prefetched_from_source,refreshed_access_hash"
7793478968,,iMobile Phone,3060514178,Sor Neath,Added to group,"verified=True path=prefetched_from_source,refreshed_access_hash"
5196498386,,iMobile Phone,3060514178,·û°·üÅ·üá ·ûÄ·üí·ûö·û∏·ûô·üâ·û∂,Added to group,"verified=True path=prefetched_from_source,refreshed_access_hash"
6853944775,Kmeang_peal12334,iMobile Phone,3060514178,Lim (@Kmeang_peal12334),Added to group,"verified=True path=resolved_username,refreshed_access_hash"
5452398586,Heart_attack_17,iMobile Phone,3060514178,Lord of the (@Heart_attack_17),Added to group,"verified=True path=resolved_username,refreshed_access_hash"
7625494112,ON_SOKUN,iMobile Phone,3060514178,ON (@ON_SOKUN),Added to group,"verified=True path=resolved_username,refreshed_access_hash"
1992479823,,iMobile Phone,3060514178,·ûÖ·û∑·ûè·üí·ûè ·ûî·ûâ·üí·ûâ·û∂,Verification failed,"verified=False path=prefetched_from_source,refreshed_access_hash"
7793515435,,iMobile Phone,3060514178,Rotha,Skipped (not mutual),tried add_contact_by_id but failed
7343169573,,iMobile Phone,3060514178,CHHANG SOCHEA (855978606555),Verification failed,"verified=False path=prefetched_from_source,refreshed_access_hash"
1058658927,,iMobile Phone,3060514178,Chivorn Vann,Verification failed,"verified=False path=prefetched_from_source,refreshed_access_hash"
1080969495,,iMobile Phone,3060514178,Sakada (85587853165),Added to group,"verified=True path=prefetched_from_source,refreshed_access_hash"
6417128798,,iMobile Phone,3060514178,Thachh,Added to group,"verified=True path=prefetched_from_source,refreshed_access_hash"
5261850657,,iMobile Phone,3060514178,·ûü·üä·û∂,Added to group,"verified=True path=prefetched_from_source,refreshed_access_hash"
7946561277,,iMobile Phone,3060514178,·ûì·û∏·ûò,Verification failed,"verified=False path=prefetched_from_source,refreshed_access_hash"
484589818,,iMobile Phone,3060514178,Chhin,Added to group,"verified=True path=prefetched_from_source,refreshed_access_hash"
8091292281,,iMobile Phone,3060514178,Emma,Added to group,"verified=True path=prefetched_from_source,refreshed_access_hash"
5840335276,,iMobile Phone,3060514178,Nang,Added to group,"verified=True path=prefetched_from_source,refreshed_access_hash"
1823260732,,iMobile Phone,3060514178,Ah,Verification failed,"verified=False path=prefetched_from_source,refreshed_access_hash"
6727624471,,iMobile Phone,3060514178,Meas,Added to group,"verified=True path=prefetched_from_source,refreshed_access_hash"
6445790911,,iMobile Phone,3060514178,Pi,Added to group,"verified=True path=prefetched_from_source,refreshed_access_hash"
5988576539,,iMobile Phone,3060514178,KOSAL KIM SAN,Added to group,"verified=True path=prefetched_from_source,refreshed_access_hash"
1931164139,Bona_19000,iMobile Phone,3060514178,Bona-19000ü¶¶ (@Bona_19000),Added to group,"verified=True path=prefetched_from_source,refreshed_access_hash"
953081417,brosdhfbdbekfnenfj,iMobile Phone,3060514178,Bross (@brosdhfbdbekfnenfj),Verification failed,"verified=False path=prefetched_from_source,refreshed_access_hash"
1793941585,bookdesign_07,iMobile Phone,3060514178,STV (@bookdesign_07),Added to group,"verified=True path=prefetched_from_source,refreshed_access_hash"
6963180667,,iMobile Phone,3060514178,Emoji,Added to group,"verified=True path=prefetched_from_source,refreshed_access_hash"
2129460191,,iMobile Phone,3060514178,Soukea (85586373344),Added to group,"verified=True path=prefetched_from_source,refreshed_access_hash"
7539267137,,iMobile Phone,3060514178,Tay Tay,Added to group,"verified=True path=prefetched_from_source,refreshed_access_hash"
6440905951,,iMobile Phone,3060514178,SOUUUR,Added to group,"verified=True path=prefetched_from_source,refreshed_access_hash"
935169882,,iMobile Phone,3060514178,Z‚Äôka,Added to group,"verified=True path=prefetched_from_source,refreshed_access_hash"
588728501,,iMobile Phone,3060514178,So Maly(ÈõÖÈùô),Added to group,"verified=True path=prefetched_from_source,refreshed_access_hash"
8404780410,,iMobile Phone,3060514178,King of,Added to group,"verified=True path=prefetched_from_source,refreshed_access_hash"
5107549526,,iMobile Phone,3060514178,·ûÄ.·ûî·üâ·üÑ,Added to group,"verified=True path=prefetched_from_source,refreshed_access_hash"
6853418467,,iMobile Phone,3060514178,Som,Added to group,"verified=True path=prefetched_from_source,refreshed_access_hash"
6782199320,,iMobile Phone,3060514178,BV07 VEN SOPHEAKTRA (85570401822),Added to group,"verified=True path=prefetched_from_source,refreshed_access_hash"
6050887250,,iMobile Phone,3060514178,Marino,Added to group,"verified=True path=prefetched_from_source,refreshed_access_hash"
5089122419,,iMobile Phone,3060514178,Je,Added to group,"verified=True path=prefetched_from_source,refreshed_access_hash"
1985478079,bunseng123,iMobile Phone,3060514178,JoNy (@bunseng123),Added to group,"verified=True path=prefetched_from_source,refreshed_access_hash"
1348125568,Sopheak_Neath16,iMobile Phone,3060514178,·ûó·û∑·ûì (@Sopheak_Neath16),Added to group,"verified=True path=prefetched_from_source,refreshed_access_hash"
6238499763,Bongkdeii,iMobile Phone,3060514178,·ûî·ûÑ (@Bongkdeii),Added to group,"verified=True path=prefetched_from_source,refreshed_access_hash"
1309251057,,iMobile Phone,3060514178,Heng (85517247441),Added to group,"verified=True path=prefetched_from_source,refreshed_access_hash"
652376367,lisihourson,iMobile Phone,3060514178,Lisihour (@lisihourson),Added to group,"verified=True path=prefetched_from_source,refreshed_access_hash"
6538417434,,iMobile Phone,3060514178,TONG,Added to group,"verified=True path=prefetched_from_source,refreshed_access_hash"
6945813582,,iMobile Phone,3060514178,Phon,Added to group,"verified=True path=prefetched_from_source,refreshed_access_hash"
1046619387,,iMobile Phone,3060514178,VANN,Verification failed,"verified=False path=prefetched_from_source,refreshed_access_hash"
1766991610,i_am_alway_pain,iMobile Phone,3060514178,L√∂ng (@i_am_alway_pain),Added to group,"verified=True path=prefetched_from_source,refreshed_access_hash"
7330096242,The_Who_Am_I_Remix,iMobile Phone,3060514178,Who (@The_Who_Am_I_Remix),Added to group,"verified=True path=prefetched_from_source,refreshed_access_hash"
1353748922,HeangVes,iMobile Phone,3060514178,Heang (@HeangVes),Added to group,"verified=True path=prefetched_from_source,refreshed_access_hash"
1355977350,,iMobile Phone,3060514178,BeEZz üêù,Added to group,"verified=True path=prefetched_from_source,refreshed_access_hash"
5839588150,KbeeTzy,iMobile Phone,3060514178,Kbee Tzy (@KbeeTzy),Added to group,"verified=True path=prefetched_from_source,refreshed_access_hash"
7471636395,,iMobile Phone,3060514178,PHA,Added to group,"verified=True path=prefetched_from_source,refreshed_access_hash"
962334101,,iMobile Phone,3060514178,KO,Verification failed,"verified=False path=prefetched_from_source,refreshed_access_hash"
7097904556,,iMobile Phone,3060514178,HE,Added to group,"verified=True path=prefetched_from_source,refreshed_access_hash"
1150783145,sababebigboy,iMobile Phone,3060514178,OEM (@sababebigboy),Added to group,"verified=True path=prefetched_from_source,refreshed_access_hash"
5269065346,,iMobile Phone,3060514178,Hong,Added to group,"verified=True path=prefetched_from_source,refreshed_access_hash"
5092343546,,iMobile Phone,3060514178,NOTH,Added to group,"verified=True path=prefetched_from_source,refreshed_access_hash"
5459359525,,iMobile Phone,3060514178,Ah,Added to group,"verified=True path=prefetched_from_source,refreshed_access_hash"
1031308980,rsrafat,iMobile Phone,3060514178,sk (@rsrafat),Added to group,"verified=True path=prefetched_from_source,refreshed_access_hash"
7684354289,sokhengnon,iMobile Phone,3060514178,Sokheng (@sokhengnon),Added to group,"verified=True path=prefetched_from_source,refreshed_access_hash"
994287263,JiloBY0310,iMobile Phone,3060514178,Jilo (@JiloBY0310),Added to group,"verified=True path=prefetched_from_source,refreshed_access_hash"
1917478448,,iMobile Phone,3060514178,Jen Jen,Added to group,"verified=True path=prefetched_from_source,refreshed_access_hash"
6145464139,,iMobile Phone,3060514178,·ûì·û∂·ûô,Added to group,"verified=True path=prefetched_from_source,refreshed_access_hash"
2014521543,Katayoor08,iMobile Phone,3060514178,San (@Katayoor08),Added to group,"verified=True path=prefetched_from_source,refreshed_access_hash"
984609994,okay_bbe,iMobile Phone,3060514178,Zenz (@okay_bbe),Verification failed,"verified=False path=prefetched_from_source,refreshed_access_hash"
8481859898,,iMobile Phone,3060514178,Èòø‰∫¨,Added to group,"verified=True path=prefetched_from_source,refreshed_access_hash"
1501551032,,iMobile Phone,3060514178,·ûô·üâ·ûª·ûì,Added to group,"verified=True path=prefetched_from_source,refreshed_access_hash"
7422957798,CHONG_ENGz,iMobile Phone,3060514178,EN (@CHONG_ENGz),Added to group,"verified=True path=prefetched_from_source,refreshed_access_hash"
860790889,Hak_KimGech,iMobile Phone,3060514178,KimGech (@Hak_KimGech),Added to group,"verified=True path=prefetched_from_source,refreshed_access_hash"
833278910,zhagcockroach,iMobile Phone,3060514178,Moeun (@zhagcockroach),Added to group,"verified=True path=prefetched_from_source,refreshed_access_hash"
6931694698,,iMobile Phone,3060514178,Ching,Added to group,"verified=True path=prefetched_from_source,refreshed_access_hash"
5530293152,,iMobile Phone,3060514178,·ûö·ûè·ûì·üà,Added to group,"verified=True path=prefetched_from_source,refreshed_access_hash"
7318083951,,iMobile Phone,3060514178,Mun,Added to group,"verified=True path=prefetched_from_source,refreshed_access_hash"
6216955627,,iMobile Phone,3060514178,Ly,Added to group,"verified=True path=prefetched_from_source,refreshed_access_hash"
8022342685,,iMobile Phone,3060514178,Heng,Added to group,"verified=True path=prefetched_from_source,refreshed_access_hash"
1172642749,,iMobile Phone,3060514178,Smei,Added to group,"verified=True path=prefetched_from_source,refreshed_access_hash"
7416392396,,iMobile Phone,3060514178,thea,Added to group,"verified=True path=prefetched_from_source,refreshed_access_hash"
7095633125,Marin_091,iMobile Phone,3060514178,LoRain (@Marin_091),Added to group,"verified=True path=prefetched_from_source,refreshed_access_hash"
779909850,order_seller,iMobile Phone,3060514178,Qing (@order_seller),Added to group,"verified=True path=prefetched_from_source,refreshed_access_hash"
5430507938,fly_justin,iMobile Phone,3060514178,Soum (@fly_justin),Verification failed,"verified=False path=prefetched_from_source,refreshed_access_hash"
8156605332,mix_krbn,iMobile Phone,3060514178,K (@mix_krbn),Added to group,"verified=True path=prefetched_from_source,refreshed_access_hash"
1248305137,Mention_rk_ta_hg_ey,iMobile Phone,3060514178,Angrybird (@Mention_rk_ta_hg_ey),Added to group,"verified=True path=prefetched_from_source,refreshed_access_hash"
7717907778,,iMobile Phone,3060514178,Nou,Added to group,"verified=True path=prefetched_from_source,refreshed_access_hash"
8235170184,,iMobile Phone,3060514178,·ûï·û∂,Added to group,"verified=True path=prefetched_from_source,refreshed_access_hash"
5844342701,,iMobile Phone,3060514178,VunLymeng,Added to group,"verified=True path=prefetched_from_source,refreshed_access_hash"
5155670239,Jacklouter,iMobile Phone,3060514178,Jackkk (@Jacklouter),Added to group,"verified=True path=prefetched_from_source,refreshed_access_hash"
6932623313,AH_VIN33,iMobile Phone,3060514178,VIN - ÂüÉÊñá ‚ù§Ô∏è‚Äçüî• (@AH_VIN33),Added to group,"verified=True path=prefetched_from_source,refreshed_access_hash"
1293897080,Chan_Raksaa,iMobile Phone,3060514178,CHAN (@Chan_Raksaa),Verification failed,"verified=False path=prefetched_from_source,refreshed_access_hash"
646943506,,iMobile Phone,3060514178,Aom,Added to group,"verified=True path=prefetched_from_source,refreshed_access_hash"
5320070981,rakjubjub,iMobile Phone,3060514178,Heng (@rakjubjub),Added to group,"verified=True path=prefetched_from_source,refreshed_access_hash"
8303431341,,iMobile Phone,3060514178,Saun,Added to group,"verified=True path=prefetched_from_source,refreshed_access_hash"
7660444293,Beeplokjork,iMobile Phone,3060514178,BEE (@Beeplokjork),Added to group,"verified=True path=prefetched_from_source,refreshed_access_hash"
1130699642,,iMobile Phone,3060514178,–ΩœÉ–∏g,Added to group,"verified=True path=prefetched_from_source,refreshed_access_hash"
6016050952,tipcorrectscore99,iMobile Phone,3060514178,PP (@tipcorrectscore99),Added to group,"verified=True path=prefetched_from_source,refreshed_access_hash"
6012341764,SaamAng02132004,iMobile Phone,3060514178,·ûé·û∂·ûõ·üã (@SaamAng02132004),Verification failed,"verified=False path=prefetched_from_source,refreshed_access_hash"
6173968376,ZI7VORN,iMobile Phone,3060514178,Chea (@ZI7VORN),Added to group,"verified=True path=prefetched_from_source,refreshed_access_hash"
5559163267,pheaaq,iMobile Phone,3060514178,pheaaq (@pheaaq),Added to group,"verified=True path=prefetched_from_source,refreshed_access_hash"
7911277428,Sal_2342,iMobile Phone,3060514178,ËÄÅ‰∏â‚ú® (@Sal_2342),Verification failed,"verified=False path=prefetched_from_source,refreshed_access_hash"
1047017602,Chhy_Heng,iMobile Phone,3060514178,Dio (@Chhy_Heng),Added to group,"verified=True path=prefetched_from_source,refreshed_access_hash"
1949277655,racksasasa,iMobile Phone,3060514178,Racksa (@racksasasa),Added to group,"verified=True path=prefetched_from_source,refreshed_access_hash"
1029902984,,iMobile Phone,3060514178,Ly Dollar (85516589493),Added to group,"verified=True path=prefetched_from_source,refreshed_access_hash"
